Symbol,Security,SECfilings,GICSSector,GICSSub-Industry,HeadquartersLocation,Datefirstadded,CIK,Founded
MMM,3M,reports,Industrials,IndustrialConglomerates,SaintPaul,Minnesota,1976-08-09,0000066740,1902
AOS,A.O.Smith,reports,Industrials,BuildingProducts,Milwaukee,Wisconsin,2017-07-26,0000091142,1916
ABT,Abbott,reports,HealthCare,HealthCareEquipment,NorthChicago,Illinois,1964-03-31,0000001800,1888
ABBV,AbbVie,reports,HealthCare,Pharmaceuticals,NorthChicago,Illinois,2012-12-31,0001551152,2013(1888)
ABMD,Abiomed,reports,HealthCare,HealthCareEquipment,Danvers,Massachusetts,2018-05-31,0000815094,1981
ACN,Accenture,reports,InformationTechnology,ITConsulting&OtherServices,Dublin,Ireland,2011-07-06,0001467373,1989
ATVI,ActivisionBlizzard,reports,CommunicationServices,InteractiveHomeEntertainment,SantaMonica,California,2015-08-31,0000718877,2008
ADM,ADM,reports,ConsumerStaples,AgriculturalProducts,Chicago,Illinois,1981-07-29,0000007084,1902
ADBE,Adobe,reports,InformationTechnology,ApplicationSoftware,SanJose,California,1997-05-05,0000796343,1982
ADP,ADP,reports,InformationTechnology,DataProcessing&OutsourcedServices,Roseland,NewJersey,1981-03-31,0000008670,1949
AAP,AdvanceAutoParts,reports,ConsumerDiscretionary,AutomotiveRetail,Raleigh,NorthCarolina,2015-07-09,0001158449,1932
AES,AES,reports,Utilities,IndependentPowerProducers&EnergyTraders,Arlington,Virginia,1998-10-02,0000874761,1981
AFL,Aflac,reports,Financials,Life&HealthInsurance,Columbus,Georgia,1999-05-28,0000004977,1955
A,AgilentTechnologies,reports,HealthCare,HealthCareEquipment,SantaClara,California,2000-06-05,0001090872,1999
AIG,AIG,reports,Financials,Property&CasualtyInsurance,NewYorkCity,NewYork,1980-03-31,0000005272,1919
APD,AirProducts,reports,Materials,IndustrialGases,Allentown,Pennsylvania,1985-04-30,0000002969,1940
AKAM,Akamai,reports,InformationTechnology,InternetServices&Infrastructure,Cambridge,Massachusetts,2007-07-12,0001086222,1998
ALK,AlaskaAirGroup,reports,Industrials,Airlines,Seattle,Washington,2016-05-13,0000766421,1985
ALB,Albemarle,reports,Materials,SpecialtyChemicals,Charlotte,NorthCarolina,2016-07-01,0000915913,1994
ARE,Alexandria,reports,RealEstate,OfficeREITs,Pasadena,California,2017-03-20,0001035443,1994
ALGN,Align,reports,HealthCare,HealthCareSupplies,SanJose,California,2017-06-19,0001097149,1997
ALLE,Allegion,reports,Industrials,BuildingProducts,NewYorkCity,NewYork,2013-12-02,0001579241,1908
LNT,AlliantEnergy,reports,Utilities,ElectricUtilities,Madison,Wisconsin,2016-07-01,0000352541,1917
ALL,Allstate,reports,Financials,Property&CasualtyInsurance,NorthfieldTownship,Illinois,1995-07-13,0000899051,1931
GOOGL,Alphabet(ClassA),reports,CommunicationServices,InteractiveMedia&Services,MountainView,California,2014-04-03,0001652044,1998
GOOG,Alphabet(ClassC),reports,CommunicationServices,InteractiveMedia&Services,MountainView,California,2006-04-03,0001652044,1998
MO,Altria,reports,ConsumerStaples,Tobacco,Richmond,Virginia,1957-03-04,0000764180,1985
AMZN,Amazon,reports,ConsumerDiscretionary,Internet&DirectMarketingRetail,Seattle,Washington,2005-11-18,0001018724,1994
AMCR,Amcor,reports,Materials,PaperPackaging,Warmley,Bristol,UnitedKingdom,2019-06-07,0001748790,2019(1860)
AMD,AMD,reports,InformationTechnology,Semiconductors,SantaClara,California,,0000002488,1969
AEE,Ameren,reports,Utilities,Multi-Utilities,St.Louis,Missouri,1991-09-19,0001002910,1902
AAL,AmericanAirlinesGroup,reports,Industrials,Airlines,FortWorth,Texas,2015-03-23,0000006201,1934
AEP,AmericanElectricPower,reports,Utilities,ElectricUtilities,Columbus,Ohio,1957-03-04,0000004904,1906
AXP,AmericanExpress,reports,Financials,ConsumerFinance,NewYorkCity,NewYork,1976-06-30,0000004962,1850
AMT,AmericanTower,reports,RealEstate,SpecializedREITs,Boston,Massachusetts,2007-11-19,0001053507,1995
AWK,AmericanWater,reports,Utilities,WaterUtilities,Camden,NewJersey,2016-03-04,0001410636,1886
AMP,AmeripriseFinancial,reports,Financials,AssetManagement&CustodyBanks,Minneapolis,Minnesota,2005-10-03,0000820027,1894
ABC,AmerisourceBergen,reports,HealthCare,HealthCareDistributors,Chesterbrook,Pennsylvania,2001-08-30,0001140859,1985
AME,Ametek,reports,Industrials,ElectricalComponents&Equipment,Berwyn,Pennsylvania,2013-09-23,0001037868,1930
AMGN,Amgen,reports,HealthCare,Biotechnology,ThousandOaks,California,1992-01-02,0000318154,1980
APH,Amphenol,reports,InformationTechnology,ElectronicComponents,Wallingford,Connecticut,2008-09-30,0000820313,1932
ADI,AnalogDevices,reports,InformationTechnology,Semiconductors,Wilmington,Massachusetts,1999-10-12,0000006281,1965
ANSS,Ansys,reports,InformationTechnology,ApplicationSoftware,Canonsburg,Pennsylvania,2017-06-19,0001013462,1969
ANTM,Anthem,reports,HealthCare,ManagedHealthCare,Indianapolis,Indiana,2002-07-25,0001156039,2014(1946)
AON,Aon,reports,Financials,InsuranceBrokers,London,UK,1996-04-23,0000315293,1982(1919)
APA,APACorporation,reports,Energy,Oil&GasExploration&Production,Houston,Texas,1997-07-28,0000006769,1954
AAPL,Apple,reports,InformationTechnology,TechnologyHardware,Storage&Peripherals,Cupertino,California,1982-11-30,0000320193,1977
AMAT,AppliedMaterials,reports,InformationTechnology,SemiconductorEquipment,SantaClara,California,1995-03-16,0000006951,1967
APTV,Aptiv,reports,ConsumerDiscretionary,AutoParts&Equipment,Dublin,Ireland,2012-12-24,0001521332,1994
ANET,Arista,reports,InformationTechnology,CommunicationsEquipment,SantaClara,California,2018-08-28,0001596532,2004
AIZ,Assurant,reports,Financials,Multi-lineInsurance,NewYorkCity,NewYork,2007-04-10,0001267238,1892
T,AT&T,reports,CommunicationServices,IntegratedTelecommunicationServices,Dallas,Texas,1983-11-30(1957-03-04),0000732717,1983(1885)
ATO,AtmosEnergy,reports,Utilities,GasUtilities,Dallas,Texas,2019-02-15,0000731802,1906
ADSK,Autodesk,reports,InformationTechnology,ApplicationSoftware,SanRafael,California,1989-12-01,0000769397,1982
AZO,AutoZone,reports,ConsumerDiscretionary,SpecialtyStores,Memphis,Tennessee,1997-01-02,0000866787,1979
AVB,AvalonBayCommunities,reports,RealEstate,ResidentialREITs,Arlington,Virginia[3],2007-01-10,0000915912,1978
AVY,AveryDennison,reports,Materials,PaperPackaging,Glendale,California,1987-12-31,0000008818,1990
BKR,BakerHughes,reports,Energy,Oil&GasEquipment&Services,Houston,Texas,2017-07-07,0001701605,2017
BALL,Ball,reports,Materials,Metal&GlassContainers,Broomfield,Colorado,1984-10-31,0000009389,1880
BAC,BankofAmerica,reports,Financials,DiversifiedBanks,Charlotte,NorthCarolina,1976-06-30,0000070858,1998(1923/1874)
BBWI,Bath&BodyWorks,reports,ConsumerDiscretionary,SpecialtyStores,Columbus,Ohio,1983-09-30,0000701985,1963
BAX,Baxter,reports,HealthCare,HealthCareEquipment,Deerfield,Illinois,1972-09-30,0000010456,1931
BDX,BectonDickinson,reports,HealthCare,HealthCareEquipment,FranklinLakes,NewJersey,1972-09-30,0000010795,1897
WRB,Berkley,reports,Financials,Property&CasualtyInsurance,Greenwich,Connecticut,2019-12-05,0000011544,1967
BRK.B,BerkshireHathaway,reports,Financials,Multi-SectorHoldings,Omaha,Nebraska,2010-02-16,0001067983,1839
BBY,BestBuy,reports,ConsumerDiscretionary,Computer&ElectronicsRetail,Richfield,Minnesota,1999-06-29,0000764478,1966
BIO,Bio-Rad,reports,HealthCare,LifeSciencesTools&Services,Hercules,California,2020-06-22,0000012208,1952
TECH,Bio-Techne,reports,HealthCare,LifeSciencesTools&Services,Minneapolis,Minnesota,2021-08-30,0000842023,1976
BIIB,Biogen,reports,HealthCare,Biotechnology,Cambridge,Massachusetts,2003-11-13,0000875045,1978
BLK,BlackRock,reports,Financials,AssetManagement&CustodyBanks,NewYorkCity,NewYork,2011-04-04,0001364742,1988
BK,BNYMellon,reports,Financials,AssetManagement&CustodyBanks,NewYorkCity,NewYork,1995-03-31,0001390777,1784
BA,Boeing,reports,Industrials,Aerospace&Defense,Chicago,Illinois,1957-03-04,0000012927,1916
BKNG,BookingHoldings,reports,ConsumerDiscretionary,Internet&DirectMarketingRetail,Norwalk,Connecticut,2009-11-06,0001075531,1996
BWA,BorgWarner,reports,ConsumerDiscretionary,AutoParts&Equipment,AuburnHills,Michigan,2011-12-19,0000908255,1880
BXP,BostonProperties,reports,RealEstate,OfficeREITs,Boston,Massachusetts,2006-04-03,0001037540,1970
BSX,BostonScientific,reports,HealthCare,HealthCareEquipment,Marlborough,Massachusetts[4],1995-02-24,0000885725,1979
BMY,BristolMyersSquibb,reports,HealthCare,HealthCareDistributors,NewYorkCity,NewYork,1957-03-04,0000014272,1989
AVGO,Broadcom,reports,InformationTechnology,Semiconductors,SanJose,California,2014-05-08,0001730168,1961
BR,Broadridge,reports,InformationTechnology,DataProcessing&OutsourcedServices,LakeSuccess,NewYork,2018-06-18,0001383312,1962
BRO,Brown&Brown,reports,Financials,InsuranceBrokers,DaytonaBeach,Florida,2021-09-20,0000079282,1939
BF.B,Brown–Forman,reports,ConsumerStaples,Distillers&Vintners,Louisville,Kentucky,1982-10-31,0000014693,1870
CHRW,C.H.Robinson,reports,Industrials,AirFreight&Logistics,EdenPrairie,Minnesota,2007-03-02,0001043277,1905
CDNS,Cadence,reports,InformationTechnology,ApplicationSoftware,SanJose,California,2017-09-18,0000813672,1988
CZR,CaesarsEntertainment,reports,ConsumerDiscretionary,Casinos&Gaming,Reno,Nevada,2021-03-22,0001590895,1973
CPT,Camden,reports,RealEstate,ResidentialREITs,Houston,Texas,2022-04-04,0000906345,1981
CPB,Campbell's,reports,ConsumerStaples,PackagedFoods&Meats,Camden,NewJersey,1957-03-04,0000016732,1869
COF,CapitalOne,reports,Financials,ConsumerFinance,TysonsCorner,Virginia,1998-07-01,0000927628,1994
CAH,CardinalHealth,reports,HealthCare,HealthCareDistributors,Dublin,Ohio,1997-05-27,0000721371,1971
KMX,CarMax,reports,ConsumerDiscretionary,SpecialtyStores,Richmond,Virginia,2010-06-28,0001170010,1993
CCL,Carnival,reports,ConsumerDiscretionary,Hotels,Resorts&CruiseLines,Miami,Florida,1998-12-22,0000815097,1972
CARR,Carrier,reports,Industrials,BuildingProducts,PalmBeachGardens,Florida,2020-04-03,0001783180,2020(1915)
CTLT,Catalent,reports,HealthCare,Pharmaceuticals,Somerset,NewJersey,2020-09-21,0001596783,2007
CAT,Caterpillar,reports,Industrials,ConstructionMachinery&HeavyTrucks,Deerfield,Illinois,1957-03-04,0000018230,1925
CBOE,Cboe,reports,Financials,FinancialExchanges&Data,Chicago,Illinois,2017-03-01,0001374310,1973
CBRE,CBRE,reports,RealEstate,RealEstateServices,Dallas,Texas,2006-11-10,0001138118,1906
CDW,CDW,reports,InformationTechnology,TechnologyDistributors,Lincolnshire,Illinois,2019-09-23,0001402057,1984
CE,Celanese,reports,Materials,SpecialtyChemicals,Irving,Texas,2018-12-24,0001306830,1918
CNC,Centene,reports,HealthCare,ManagedHealthCare,St.Louis,Missouri,2016-03-30,0001071739,1984
CNP,CenterPointEnergy,reports,Utilities,Multi-Utilities,Houston,Texas,1985-07-31,0001130310,1882
CDAY,Ceridian,reports,InformationTechnology,ApplicationSoftware,Minneapolis,Minnesota,2021-09-20,0001725057,1992
CERN,Cerner,reports,HealthCare,HealthCareTechnology,NorthKansasCity,Missouri,2010-04-30,0000804753,1979
CF,CFIndustries,reports,Materials,Fertilizers&AgriculturalChemicals,Deerfield,Illinois,2008-08-27,0001324404,1946
CRL,CharlesRiver,reports,HealthCare,LifeSciencesTools&Services,Wilmington,Massachusetts,2021-05-14,0001100682,1947
SCHW,CharlesSchwab,reports,Financials,InvestmentBanking&Brokerage,Westlake,Texas,1997-06-02,0000316709,1971
CHTR,CharterCommunications,reports,CommunicationServices,Cable&Satellite,Stamford,Connecticut,2016-09-08,0001091667,1993
CVX,Chevron,reports,Energy,IntegratedOil&Gas,SanRamon,California,1957-03-04,0000093410,1879
CMG,ChipotleMexicanGrill,reports,ConsumerDiscretionary,Restaurants,NewportBeach,California,2011-04-28,0001058090,1993
CB,Chubb,reports,Financials,Property&CasualtyInsurance,Zurich,Switzerland,2010-07-15,0000896159,1985
CHD,Church&Dwight,reports,ConsumerStaples,HouseholdProducts,Ewing,NewJersey,2015-12-29,0000313927,1847
CI,Cigna,reports,HealthCare,ManagedHealthCare,Bloomfield,Connecticut,1976-06-30,0001739940,1982
CINF,CincinnatiFinancial,reports,Financials,Property&CasualtyInsurance,Fairfield,Ohio,1997-12-18,0000020286,1950
CTAS,Cintas,reports,Industrials,DiversifiedSupportServices,Mason,Ohio,2001-03-01,0000723254,1929
CSCO,Cisco,reports,InformationTechnology,CommunicationsEquipment,SanJose,California,1993-12-01,0000858877,1984
C,Citigroup,reports,Financials,DiversifiedBanks,NewYorkCity,NewYork,1988-05-31,0000831001,1998
CFG,Citizens,reports,Financials,RegionalBanks,Providence,RhodeIsland,2016-01-29,0000759944,1828
CTXS,Citrix,reports,InformationTechnology,ApplicationSoftware,FortLauderdale,Florida,1999-12-01,0000877890,1989
CLX,Clorox,reports,ConsumerStaples,HouseholdProducts,Oakland,California,1969-03-31,0000021076,1913
CME,CMEGroup,reports,Financials,FinancialExchanges&Data,Chicago,Illinois,2006-08-11,0001156375,1848
CMS,CMSEnergy,reports,Utilities,Multi-Utilities,Jackson,Michigan,1999-05-03,0000811156,1886
KO,Coca-Cola,reports,ConsumerStaples,SoftDrinks,Atlanta,Georgia,1957-03-04,0000021344,1886
CTSH,Cognizant,reports,InformationTechnology,ITConsulting&OtherServices,Teaneck,NewJersey,2006-11-17,0001058290,1994
CL,Colgate-Palmolive,reports,ConsumerStaples,HouseholdProducts,NewYorkCity,NewYork,1957-03-04,0000021665,1806
CMCSA,Comcast,reports,CommunicationServices,Cable&Satellite,Philadelphia,Pennsylvania,2002-11-19,0001166691,1963
CMA,Comerica,reports,Financials,DiversifiedBanks,Dallas,Texas,1995-12-01,0000028412,1849
CAG,ConagraBrands,reports,ConsumerStaples,PackagedFoods&Meats,Chicago,Illinois,1983-08-31,0000023217,1919
COP,ConocoPhillips,reports,Energy,Oil&GasExploration&Production,Houston,Texas,1957-03-04,0001163165,2002
ED,ConEdison,reports,Utilities,ElectricUtilities,NewYorkCity,NewYork,,0001047862,1823
STZ,ConstellationBrands,reports,ConsumerStaples,Distillers&Vintners,Victor,NewYork,2005-07-01,0000016918,1945
CEG,ConstellationEnergy,reports,Utilities,Multi-Utilities,Baltimore,Maryland,2022-02-02,0001868275,1999
COO,CooperCompanies,reports,HealthCare,HealthCareSupplies,SanRamon,California,2016-09-23,0000711404,1958
CPRT,Copart,reports,Industrials,DiversifiedSupportServices,Dallas,Texas,2018-07-02,0000900075,1982
GLW,Corning,reports,InformationTechnology,ElectronicComponents,Corning,NewYork,,0000024741,1851
CTVA,Corteva,reports,Materials,Fertilizers&AgriculturalChemicals,Wilmington,Delaware,2019-06-03,0001755672,2019
COST,Costco,reports,ConsumerStaples,Hypermarkets&SuperCenters,Issaquah,Washington,1993-10-01,0000909832,1976
CTRA,Coterra,reports,Energy,Oil&GasExploration&Production,Houston,Texas,2008-06-23,0000858470,2021(1989)
CCI,CrownCastle,reports,RealEstate,SpecializedREITs,Houston,Texas,2012-03-14,0001051470,1994
CSX,CSX,reports,Industrials,Railroads,Jacksonville,Florida,1967-09-30,0000277948,1980
CMI,Cummins,reports,Industrials,IndustrialMachinery,Columbus,Indiana,1965-03-31,0000026172,1919
CVS,CVSHealth,reports,HealthCare,HealthCareServices,Woonsocket,RhodeIsland,1957-03-04,0000064803,1996
DHI,D.R.Horton,reports,ConsumerDiscretionary,Homebuilding,Arlington,Texas,2005-06-22,0000882184,1978
DHR,Danaher,reports,HealthCare,HealthCareEquipment,Washington,D.C.,,0000313616,1969
DRI,Darden,reports,ConsumerDiscretionary,Restaurants,Orlando,Florida,,0000940944,1938
DVA,DaVita,reports,HealthCare,HealthCareFacilities,Denver,Colorado,2008-07-31,0000927066,1979
DE,Deere&Co.,reports,Industrials,Agricultural&FarmMachinery,Moline,Illinois,1957-03-04,0000315189,1837
DAL,DeltaAirLines,reports,Industrials,Airlines,Atlanta,Georgia,2013-09-11,0000027904,1929
XRAY,DentsplySirona,reports,HealthCare,HealthCareSupplies,Charlotte,NorthCarolina,2008-11-14,0000818479,2016(1969)
DVN,Devon,reports,Energy,Oil&GasExploration&Production,OklahomaCity,Oklahoma,2000-08-30,0001090012,1971
DXCM,DexCom,reports,HealthCare,HealthCareEquipment,SanDiego,California,2020-05-12,0001093557,1999
FANG,Diamondback,reports,Energy,Oil&GasExploration&Production,Midland,Texas,2018-12-03,0001539838,2007
DLR,DigitalRealty,reports,RealEstate,SpecializedREITs,Austin,Texas,2016-05-18,0001297996,2004
DFS,Discover,reports,Financials,ConsumerFinance,Riverwoods,Illinois,2007-07-02,0001393612,1985
DISH,Dish,reports,CommunicationServices,Cable&Satellite,Meridian,Colorado,2017-03-13,0001001082,1980
DIS,Disney,reports,CommunicationServices,Movies&Entertainment,Burbank,California,1976-06-30,0001744489,1923
DG,DollarGeneral,reports,ConsumerDiscretionary,GeneralMerchandiseStores,Goodlettsville,Tennessee,2012-12-03,0000029534,1939
DLTR,DollarTree,reports,ConsumerDiscretionary,GeneralMerchandiseStores,Chesapeake,Virginia,2011-12-19,0000935703,1986
D,DominionEnergy,reports,Utilities,ElectricUtilities,Richmond,Virginia,,0000715957,1983
DPZ,Domino's,reports,ConsumerDiscretionary,Restaurants,AnnArbor,Michigan,2020-05-12,0001286681,1960
DOV,Dover,reports,Industrials,IndustrialMachinery,DownersGrove,Illinois,1985-10-31,0000029905,1955
DOW,Dow,reports,Materials,CommodityChemicals,Midland,Michigan,2019-04-01,0001751788,2019
DTE,DTE,reports,Utilities,Multi-Utilities,Detroit,Michigan,1957-03-04,0000936340,1995
DUK,DukeEnergy,reports,Utilities,ElectricUtilities,Charlotte,NorthCarolina,1976-06-30,0001326160,1904
DRE,DukeRealty,reports,RealEstate,IndustrialREITs,Indianapolis,Indiana,2017-07-26,0000783280,1972
DD,DuPont,reports,Materials,SpecialtyChemicals,Wilmington,Delaware,2019-04-02,0001666700,2017
DXC,DXCTechnology,reports,InformationTechnology,ITConsulting&OtherServices,TysonsCorner,Virginia,2017-04-04,0001688568,2017
EMN,Eastman,reports,Materials,DiversifiedChemicals,Kingsport,Tennessee,1994-01-01,0000915389,1920
ETN,Eaton,reports,Industrials,ElectricalComponents&Equipment,Dublin,Ireland,,0001551182,1911
EBAY,eBay,reports,ConsumerDiscretionary,Internet&DirectMarketingRetail,SanJose,California,2002-07-22,0001065088,1995
ECL,Ecolab,reports,Materials,SpecialtyChemicals,SaintPaul,Minnesota,1989-01-31,0000031462,1923
EIX,EdisonInternational,reports,Utilities,ElectricUtilities,Rosemead,California,1957-03-04,0000827052,1886
EW,EdwardsLifesciences,reports,HealthCare,HealthCareEquipment,Irvine,California,2011-04-01,0001099800,1958
EA,ElectronicArts,reports,CommunicationServices,InteractiveHomeEntertainment,RedwoodCity,California,2002-07-22,0000712515,1982
EMR,Emerson,reports,Industrials,ElectricalComponents&Equipment,Ferguson,Missouri,1965-03-31,0000032604,1890
ENPH,Enphase,reports,InformationTechnology,ElectronicComponents,Fremont,California,2021-01-07,0001463101,2006
ETR,Entergy,reports,Utilities,ElectricUtilities,NewOrleans,Louisiana,1957-03-04,0000065984,1913
EOG,EOGResources,reports,Energy,Oil&GasExploration&Production,Houston,Texas,2000-11-02,0000821189,1999
EPAM,EPAM,reports,InformationTechnology,ITConsulting&OtherServices,Newtown,Pennsylvania,2021-12-14,0001352010,1993
EFX,Equifax,reports,Industrials,Research&ConsultingServices,Atlanta,Georgia,1997-06-19,0000033185,1899
EQIX,Equinix,reports,RealEstate,SpecializedREITs,RedwoodCity,California,2015-03-20,0001101239,1998
EQR,EquityResidential,reports,RealEstate,ResidentialREITs,Chicago,Illinois,2001-12-03,0000906107,1969
ESS,Essex,reports,RealEstate,ResidentialREITs,SanMateo,California,2014-04-02,0000920522,1971
EL,EstéeLauderCompanies,reports,ConsumerStaples,PersonalProducts,NewYorkCity,NewYork,2006-01-05,0001001250,1946
ETSY,Etsy,reports,ConsumerDiscretionary,Internet&DirectMarketingRetail,NewYorkCity,NewYork,2020-09-21,0001370637,2005
RE,Everest,reports,Financials,Reinsurance,Hamilton,Bermuda,2017-06-19,0001095073,1973
EVRG,Evergy,reports,Utilities,ElectricUtilities,KansasCity,Missouri,2018-06-05,0001711269,1909
ES,Eversource,reports,Utilities,Multi-Utilities,Hartford,Connecticut,2009,0000072741,1966
EXC,Exelon,reports,Utilities,Multi-Utilities,Chicago,Illinois,1957-03-04,0001109357,2000
EXPE,ExpediaGroup,reports,ConsumerDiscretionary,Internet&DirectMarketingRetail,Seattle,Washington,2007-10-02,0001324424,1996
EXPD,Expeditors,reports,Industrials,AirFreight&Logistics,Seattle,Washington,2007-10-10,0000746515,1979
EXR,ExtraSpaceStorage,reports,RealEstate,SpecializedREITs,SaltLakeCity,Utah,2016-01-19,0001289490,1977
XOM,ExxonMobil,reports,Energy,IntegratedOil&Gas,Irving,Texas,1957-03-04,0000034088,1999
FFIV,F5,reports,InformationTechnology,CommunicationsEquipment,Seattle,Washington,2010-12-20,0001048695,1996
FDS,FactSet,reports,Financials,FinancialExchanges&Data,Norwalk,Connecticut,2021-12-20,0001013237,1978
FAST,Fastenal,reports,Industrials,BuildingProducts,Winona,Minnesota,2008-09-15,0000815556,1967
FRT,FederalRealty,reports,RealEstate,RetailREITs,Rockville,Maryland,2016-02-01,0000034903,1962
FDX,FedEx,reports,Industrials,AirFreight&Logistics,Memphis,Tennessee,1980-12-31,0001048911,1971
FITB,FifthThirdBank,reports,Financials,RegionalBanks,Cincinnati,Ohio,,0000035527,1858
FRC,FirstRepublic,reports,Financials,RegionalBanks,SanFrancisco,California,2019-01-02,0001132979,1985
FE,FirstEnergy,reports,Utilities,ElectricUtilities,Akron,Ohio,,0001031296,1997
FIS,FIS,reports,InformationTechnology,DataProcessing&OutsourcedServices,Jacksonville,Florida,2006-11-10,0001136893,1968
FISV,Fiserv,reports,InformationTechnology,DataProcessing&OutsourcedServices,Brookfield,Wisconsin,2001-04-02,0000798354,1984
FLT,Fleetcor,reports,InformationTechnology,DataProcessing&OutsourcedServices,Norcross,Georgia,2018-06-20,0001175454,2000
FMC,FMC,reports,Materials,Fertilizers&AgriculturalChemicals,Philadelphia,Pennsylvania,2009-08-19,0000037785,1883
F,Ford,reports,ConsumerDiscretionary,AutomobileManufacturers,Dearborn,Michigan,1957-03-04,0000037996,1903
FTNT,Fortinet,reports,InformationTechnology,SystemsSoftware,Sunnyvale,California,2018-10-11,0001262039,2000
FTV,Fortive,reports,Industrials,IndustrialMachinery,Everett,Washington,2016-07-01,0001659166,2016
FBHS,FortuneBrands,reports,Industrials,BuildingProducts,Deerfield,Illinois,2016-06-22,0001519751,2011(1969)
FOXA,FoxCorporation(ClassA),reports,CommunicationServices,Movies&Entertainment,NewYorkCity,NewYork,2013-07-01,0001754301,2019
FOX,FoxCorporation(ClassB),reports,CommunicationServices,Movies&Entertainment,NewYorkCity,NewYork,2015-09-18,0001754301,2019
BEN,FranklinTempleton,reports,Financials,AssetManagement&CustodyBanks,SanMateo,California,,0000038777,1947
FCX,Freeport-McMoRan,reports,Materials,Copper,Phoenix,Arizona,,0000831259,1912
AJG,Gallagher,reports,Financials,InsuranceBrokers,RollingMeadows,Illinois,2016-05-31,0000354190,1927
GRMN,Garmin,reports,ConsumerDiscretionary,ConsumerElectronics,Schaffhausen,Switzerland,2012-12-12,0001121788,1989
IT,Gartner,reports,InformationTechnology,ITConsulting&OtherServices,Stamford,Connecticut,2017-04-05,0000749251,1979
GE,GE,reports,Industrials,IndustrialConglomerates,Boston,Massachusetts,,0000040545,1892
GNRC,Generac,reports,Industrials,ElectricalComponents&Equipment,Waukesha,Wisconsin,2021-03-22,0001474735,1959
GD,GeneralDynamics,reports,Industrials,Aerospace&Defense,FallsChurch,Virginia,1957-03-04,0000040533,1899
GIS,GeneralMills,reports,ConsumerStaples,PackagedFoods&Meats,GoldenValley,Minnesota,1969-03-31,0000040704,1856
GPC,GenuineParts,reports,ConsumerDiscretionary,SpecialtyStores,Atlanta,Georgia,1973-12-31,0000040987,1925
GILD,Gilead,reports,HealthCare,Biotechnology,FosterCity,California,2004-07-01,0000882095,1987
GL,GlobeLife,reports,Financials,Life&HealthInsurance,McKinney,Texas,1989-04-30,0000320335,1900
GPN,GlobalPayments,reports,InformationTechnology,DataProcessing&OutsourcedServices,Atlanta,Georgia,2016-04-25,0001123360,2000
GM,GM,reports,ConsumerDiscretionary,AutomobileManufacturers,Detroit,Michigan,2013-06-06,0001467858,1908
GS,GoldmanSachs,reports,Financials,InvestmentBanking&Brokerage,NewYorkCity,NewYork,2002-07-22,0000886982,1869
GWW,Grainger,reports,Industrials,IndustrialMachinery,LakeForest,Illinois,1981-06-30,0000277135,1927
HAL,Halliburton,reports,Energy,Oil&GasEquipment&Services,Houston,Texas,1957-03-04,0000045012,1919
HIG,Hartford(The),reports,Financials,Property&CasualtyInsurance,Hartford,Connecticut,1957-03-04,0000874766,1810
HAS,Hasbro,reports,ConsumerDiscretionary,LeisureProducts,Pawtucket,RhodeIsland,1984-09-30,0000046080,1923
HCA,HCAHealthcare,reports,HealthCare,HealthCareFacilities,Nashville,Tennessee,2015-01-27,0000860730,1968
PEAK,Healthpeak,reports,RealEstate,HealthCareREITs,LongBeach,California,2008-03-31,0000765880,1985
HSIC,HenrySchein,reports,HealthCare,HealthCareDistributors,Melville,NewYork,2015-03-17,0001000228,1932
HSY,Hershey's,reports,ConsumerStaples,PackagedFoods&Meats,Hershey,Pennsylvania,1957-03-04,0000047111,1894
HES,Hess,reports,Energy,IntegratedOil&Gas,NewYorkCity,NewYork,1984-05-31,0000004447,1919
HPE,HewlettPackardEnterprise,reports,InformationTechnology,TechnologyHardware,Storage&Peripherals,Houston,Texas,2015-11-02,0001645590,2015
HLT,Hilton,reports,ConsumerDiscretionary,Hotels,Resorts&CruiseLines,TysonsCorner,Virginia,2017-06-19,0001585689,1919
HOLX,Hologic,reports,HealthCare,HealthCareEquipment,Marlborough,Massachusetts,2016-03-30,0000859737,1985
HD,HomeDepot,reports,ConsumerDiscretionary,HomeImprovementRetail,Atlanta,Georgia,1988-03-31,0000354950,1978
HON,Honeywell,reports,Industrials,IndustrialConglomerates,Charlotte,NorthCarolina,1964-03-31,0000773840,1906
HRL,Hormel,reports,ConsumerStaples,PackagedFoods&Meats,Austin,Minnesota,2009-03-04,0000048465,1891
HST,HostHotels&Resorts,reports,RealEstate,Hotel&ResortREITs,Bethesda,Maryland,2007-03-20,0001070750,1993
HWM,HowmetAerospace,reports,Industrials,Aerospace&Defense,Pittsburgh,Pennsylvania,1964-03-31,0000004281,2016
HPQ,HP,reports,InformationTechnology,TechnologyHardware,Storage&Peripherals,PaloAlto,California,1974-12-31,0000047217,1939(2015)
HUM,Humana,reports,HealthCare,ManagedHealthCare,Louisville,Kentucky,,0000049071,1961
HII,HuntingtonIngallsIndustries,reports,Industrials,Aerospace&Defense,NewportNews,Virginia,2018-01-03,0001501585,2011
HBAN,HuntingtonNationalBank,reports,Financials,RegionalBanks,Columbus,Ohio;Detroit,Michigan,,0000049196,1866
IEX,IDEX,reports,Industrials,IndustrialMachinery,LakeForest,Illinois,2019-08-09,0000832101,1988
IDXX,IdexxLaboratories,reports,HealthCare,HealthCareEquipment,Westbrook,Maine,2017-01-05,0000874716,1983
ITW,IllinoisToolWorks,reports,Industrials,IndustrialMachinery,Glenview,Illinois,1986-02-28,0000049826,1912
ILMN,Illumina,reports,HealthCare,LifeSciencesTools&Services,SanDiego,California,2015-11-19,0001110803,1998
INCY,Incyte,reports,HealthCare,Biotechnology,Wilmington,Delaware,2017-02-28,0000879169,1991
IR,IngersollRand,reports,Industrials,IndustrialMachinery,Davidson,NorthCarolina,2020-03-03,0001699150,1859
INTC,Intel,reports,InformationTechnology,Semiconductors,SantaClara,California,1976-12-31,0000050863,1968
ICE,IntercontinentalExchange,reports,Financials,FinancialExchanges&Data,Atlanta,Georgia,2007-09-26,0001571949,2000
IBM,IBM,reports,InformationTechnology,ITConsulting&OtherServices,Armonk,NewYork,1957-03-04,0000051143,1911
IP,InternationalPaper,reports,Materials,PaperPackaging,Memphis,Tennessee,1957-03-04,0000051434,1898
IPG,InterpublicGroup,reports,CommunicationServices,Advertising,NewYorkCity,NewYork,1992-10-01,0000051644,1961(1930)
IFF,InternationalFlavors&Fragrances,reports,Materials,SpecialtyChemicals,NewYorkCity,NewYork,1976-03-31,0000051253,1958(1889)
INTU,Intuit,reports,InformationTechnology,ApplicationSoftware,MountainView,California,2000-12-05,0000896878,1983
ISRG,IntuitiveSurgical,reports,HealthCare,HealthCareEquipment,Sunnyvale,California,2008-06-02,0001035267,1995
IVZ,Invesco,reports,Financials,AssetManagement&CustodyBanks,Atlanta,Georgia,2008-08-21,0000914208,1935
IPGP,IPGPhotonics,reports,InformationTechnology,ElectronicManufacturingServices,Oxford,Massachusetts,2018-03-07,0001111928,1990
IQV,IQVIA,reports,HealthCare,LifeSciencesTools&Services,Durham,NorthCarolina,2017-08-29,0001478242,1982
IRM,IronMountain,reports,RealEstate,SpecializedREITs,Boston,Massachusetts,2009-01-06,0001020569,1951
JBHT,J.B.Hunt,reports,Industrials,Trucking,Lowell,Arkansas,2015-07-01,0000728535,1961
JKHY,JackHenry&Associates,reports,InformationTechnology,DataProcessing&OutsourcedServices,Monett,Missouri,2018-11-13,0000779152,1976
J,Jacobs,reports,Industrials,Construction&Engineering,Dallas,Texas,2007-10-26,0000052988,1947
JNJ,Johnson&Johnson,reports,HealthCare,Pharmaceuticals,NewBrunswick,NewJersey,1973-06-30,0000200406,1886
JCI,JohnsonControls,reports,Industrials,BuildingProducts,Cork,Ireland,2010-08-27,0000833444,1885
JPM,JPMorganChase,reports,Financials,DiversifiedBanks,NewYorkCity,NewYork,1975-06-30,0000019617,2000(1799/1871)
JNPR,JuniperNetworks,reports,InformationTechnology,CommunicationsEquipment,Sunnyvale,California,2006-06-02,0001043604,1996
K,Kellogg's,reports,ConsumerStaples,PackagedFoods&Meats,BattleCreek,Michigan,1989-09-11,0000055067,1906
KEY,KeyCorp,reports,Financials,RegionalBanks,Cleveland,Ohio,1994-03-01,0000091576,1825
KEYS,Keysight,reports,InformationTechnology,ElectronicEquipment&Instruments,SantaRosa,California,2018-11-06,0001601046,2014
KMB,Kimberly-Clark,reports,ConsumerStaples,HouseholdProducts,Irving,Texas,1957-03-04,0000055785,1872
KIM,KimcoRealty,reports,RealEstate,RetailREITs,NewHydePark,NewYork,2006-04-04,0000879101,1958
KMI,KinderMorgan,reports,Energy,Oil&GasStorage&Transportation,Houston,Texas,2012-05-25,0001506307,1997
KLAC,KLA,reports,InformationTechnology,SemiconductorEquipment,Milpitas,California,,0000319201,1975/1977(1997)
KHC,KraftHeinz,reports,ConsumerStaples,PackagedFoods&Meats,Chicago,Illinois;Pittsburgh,Pennsylvania,2015-07-06,0001637459,2015(1869)
KR,Kroger,reports,ConsumerStaples,FoodRetail,Cincinnati,Ohio,1957-03-04,0000056873,1883
LHX,L3Harris,reports,Industrials,Aerospace&Defense,Melbourne,Florida,2008-09-22,0000202058,2019(1895)
LH,LabCorp,reports,HealthCare,HealthCareServices,Burlington,NorthCarolina,2004-11-01,0000920148,1978
LRCX,LamResearch,reports,InformationTechnology,SemiconductorEquipment,Fremont,California,2012-06-29,0000707549,1980
LW,LambWeston,reports,ConsumerStaples,PackagedFoods&Meats,Eagle,Idaho,2018-12-03,0001679273,2016(1950)
LVS,LasVegasSands,reports,ConsumerDiscretionary,Casinos&Gaming,LasVegas,Nevada,2019-10-03,0001300514,1988
LDOS,Leidos,reports,Industrials,DiversifiedSupportServices,Reston,Virginia,2019-08-09,0001336920,1969
LEN,Lennar,reports,ConsumerDiscretionary,Homebuilding,Miami,Florida,2005-10-04,0000920760,1954
LLY,Lilly,reports,HealthCare,Pharmaceuticals,Indianapolis,Indiana,1970-12-31,0000059478,1876
LNC,LincolnFinancial,reports,Financials,Multi-lineInsurance,Radnor,Pennsylvania,1976-06-30,0000059558,1905
LIN,Linde,reports,Materials,IndustrialGases,Guildford,UnitedKingdom,1992-07-01,0001707925,1879
LYV,LiveNationEntertainment,reports,CommunicationServices,Movies&Entertainment,BeverlyHills,California,2019-12-23,0001335258,2010
LKQ,LKQCorporation,reports,ConsumerDiscretionary,Distributors,Chicago,Illinois,2016-05-23,0001065696,1998
LMT,LockheedMartin,reports,Industrials,Aerospace&Defense,Bethesda,Maryland,1984-07-31,0000936468,1995
L,LoewsCorporation,reports,Financials,Multi-lineInsurance,NewYorkCity,NewYork,,0000060086,1959
LOW,Lowe's,reports,ConsumerDiscretionary,HomeImprovementRetail,Mooresville,NorthCarolina,1984-02-29,0000060667,1904/1946/1959
LUMN,Lumen,reports,CommunicationServices,AlternativeCarriers,Monroe,Louisiana,1999-03-25,0000018926,1983(1877)
LYB,LyondellBasell,reports,Materials,SpecialtyChemicals,Rotterdam,Netherlands,2012-09-05,0001489393,2007
MTB,M&TBank,reports,Financials,RegionalBanks,Buffalo,NewYork,2004-02-23,0000036270,1856
MRO,MarathonOil,reports,Energy,Oil&GasExploration&Production,Houston,Texas,1991-05-01,0000101778,1887
MPC,MarathonPetroleum,reports,Energy,Oil&GasRefining&Marketing,Findlay,Ohio,2011-07-01,0001510295,2009(1887)
MKTX,MarketAxess,reports,Financials,FinancialExchanges&Data,NewYorkCity,NewYork,2019-07-01,0001278021,2000
MAR,MarriottInternational,reports,ConsumerDiscretionary,Hotels,Resorts&CruiseLines,Bethesda,Maryland,,0001048286,1927
MMC,Marsh&McLennan,reports,Financials,InsuranceBrokers,NewYorkCity,NewYork,1987-08-31,0000062709,1905
MLM,MartinMarietta,reports,Materials,ConstructionMaterials,Raleigh,NorthCarolina,2014-07-02,0000916076,1993
MAS,Masco,reports,Industrials,BuildingProducts,Livonia,Michigan,1981-06-30,0000062996,1929
MA,Mastercard,reports,InformationTechnology,DataProcessing&OutsourcedServices,Harrison,NewYork,2008-07-18,0001141391,1966
MTCH,MatchGroup,reports,CommunicationServices,InteractiveMedia&Services,Dallas,Texas,2021-09-20,0000891103,1986
MKC,McCormick,reports,ConsumerStaples,PackagedFoods&Meats,HuntValley,Maryland,2003-03-20,0000063754,1889
MCD,McDonald's,reports,ConsumerDiscretionary,Restaurants,Chicago,Illinois,1970-06-30,0000063908,1940
MCK,McKesson,reports,HealthCare,HealthCareDistributors,Irving,Texas,,0000927653,1833
MDT,Medtronic,reports,HealthCare,HealthCareEquipment,Dublin,Ireland,1986-10-31,0001613103,1949
MRK,Merck,reports,HealthCare,Pharmaceuticals,Kenilworth,NewJersey,1957-03-04,0000310158,1891
FB,Meta,reports,CommunicationServices,InteractiveMedia&Services,MenloPark,California,2013-12-23,0001326801,2004
MET,MetLife,reports,Financials,Life&HealthInsurance,NewYorkCity,NewYork,,0001099219,1868
MTD,MettlerToledo,reports,HealthCare,LifeSciencesTools&Services,Columbus,Ohio,2016-09-06,0001037646,1945
MGM,MGMResorts,reports,ConsumerDiscretionary,Casinos&Gaming,Paradise,Nevada,2017-07-26,0000789570,1986
MCHP,Microchip,reports,InformationTechnology,Semiconductors,Chandler,Arizona,2007-09-07,0000827054,1989
MU,Micron,reports,InformationTechnology,Semiconductors,Boise,Idaho,1994-09-27,0000723125,1978
MSFT,Microsoft,reports,InformationTechnology,SystemsSoftware,Redmond,Washington,1994-06-01,0000789019,1975
MAA,Mid-AmericaApartments,reports,RealEstate,ResidentialREITs,Memphis,Tennessee,2016-12-02,0000912595,1977
MRNA,Moderna,reports,HealthCare,Biotechnology,Cambridge,Massachusetts,2021-07-21,0001682852,2010
MHK,MohawkIndustries,reports,ConsumerDiscretionary,HomeFurnishings,Calhoun,Georgia,2013-12-23,0000851968,1878
MOH,MolinaHealthcare,reports,HealthCare,ManagedHealthCare,LongBeach,California,2022-03-02,0001179929,1980
TAP,MolsonCoors,reports,ConsumerStaples,Brewers,Chicago,Illinois,1976-06-30,0000024545,2005(Molson1786,Coors1873)
MDLZ,MondelezInternational,reports,ConsumerStaples,PackagedFoods&Meats,Chicago,Illinois,2012-10-02,0001103982,2012
MPWR,MonolithicPowerSystems,reports,InformationTechnology,Semiconductors,Kirkland,Washington,2021-02-12,0001280452,1997
MNST,MonsterBeverage,reports,ConsumerStaples,SoftDrinks,Corona,California,2012-06-28,0000865752,2012(1935)
MCO,Moody's,reports,Financials,FinancialExchanges&Data,NewYorkCity,NewYork,,0001059556,1909
MS,MorganStanley,reports,Financials,InvestmentBanking&Brokerage,NewYorkCity,NewYork,,0000895421,1935
MOS,Mosaic,reports,Materials,Fertilizers&AgriculturalChemicals,Tampa,Florida,2011-09-26,0001285785,2004(1865/1909)
MSI,MotorolaSolutions,reports,InformationTechnology,CommunicationsEquipment,Chicago,Illinois,,0000068505,1928(2011)
MSCI,MSCI,reports,Financials,FinancialExchanges&Data,NewYorkCity,NewYork,2018-04-04,0001408198,1969
NDAQ,Nasdaq,reports,Financials,FinancialExchanges&Data,NewYorkCity,NewYork,2008-10-22,0001120193,1971
NTAP,NetApp,reports,InformationTechnology,TechnologyHardware,Storage&Peripherals,Sunnyvale,California,1999-06-25,0001002047,1992
NFLX,Netflix,reports,CommunicationServices,Movies&Entertainment,LosGatos,California,2010-12-20,0001065280,1997
NWL,NewellBrands,reports,ConsumerDiscretionary,Housewares&Specialties,Atlanta,Georgia,1989-04-30,0000814453,1903
NEM,Newmont,reports,Materials,Gold,Denver,Colorado,1969-06-30,0001164727,1921
NWSA,NewsCorp(ClassA),reports,CommunicationServices,Publishing,NewYorkCity,NewYork,2013-08-01,0001564708,2013(1980)
NWS,NewsCorp(ClassB),reports,CommunicationServices,Publishing,NewYorkCity,NewYork,2015-09-18,0001564708,2013(1980)
NEE,NextEraEnergy,reports,Utilities,Multi-Utilities,JunoBeach,Florida,1976-06-30,0000753308,1984(1925)
NLSN,Nielsen,reports,Industrials,Research&ConsultingServices,NewYorkCity,NewYork,2013-07-09,0001492633,1923
NKE,Nike,reports,ConsumerDiscretionary,Apparel,Accessories&LuxuryGoods,WashingtonCounty,Oregon,1988-11-30,0000320187,1964
NI,NiSource,reports,Utilities,Multi-Utilities,Merrillville,Indiana,,0001111711,1912
NDSN,Nordson,reports,Industrials,IndustrialMachinery,Westlake,Ohio,2022-02-15,0000072331,1935
NSC,NorfolkSouthern,reports,Industrials,Railroads,Norfolk,Virginia,1957-03-04,0000702165,1881/1894(1980)
NTRS,NorthernTrust,reports,Financials,AssetManagement&CustodyBanks,Chicago,Illinois,,0000073124,1889
NOC,NorthropGrumman,reports,Industrials,Aerospace&Defense,WestFallsChurch,Virginia,1985-06-30,0001133421,1994(Northrop1939,Grumman1930)
NLOK,NortonLifeLock,reports,InformationTechnology,ApplicationSoftware,Tempe,Arizona,2003-03-25,0000849399,1982
NCLH,NorwegianCruiseLineHoldings,reports,ConsumerDiscretionary,Hotels,Resorts&CruiseLines,Miami,Florida,2017-10-13,0001513761,2011(1966)
NRG,NRGEnergy,reports,Utilities,IndependentPowerProducers&EnergyTraders,Houston,Texas,2010-01-29,0001013871,1992
NUE,Nucor,reports,Materials,Steel,Charlotte,NorthCarolina,1985-04-30,0000073309,1940
NVDA,Nvidia,reports,InformationTechnology,Semiconductors,SantaClara,California,2001-11-30,0001045810,1993
NVR,NVR,reports,ConsumerDiscretionary,Homebuilding,Reston,Virginia,2019-09-26,0000906163,1980
NXPI,NXP,reports,InformationTechnology,Semiconductors,Eindhoven,Netherlands,2021-03-22,0001413447,1953
ORLY,O'ReillyAutomotive,reports,ConsumerDiscretionary,SpecialtyStores,Springfield,Missouri,2009-03-27,0000898173,1957
OXY,OccidentalPetroleum,reports,Energy,Oil&GasExploration&Production,Houston,Texas,1982-12-31,0000797468,1920
ODFL,OldDominion,reports,Industrials,Trucking,Thomasville,NorthCarolina,2019-12-09,0000878927,1934
OMC,OmnicomGroup,reports,CommunicationServices,Advertising,NewYorkCity,NewYork,,0000029989,1986
OKE,Oneok,reports,Energy,Oil&GasStorage&Transportation,Tulsa,Oklahoma,2010-03-15,0001039684,1906
ORCL,Oracle,reports,InformationTechnology,ApplicationSoftware,Austin,Texas,1989-08-31,0001341439,1977
OGN,Organon,reports,HealthCare,Pharmaceuticals,JerseyCity,NewJersey,2021-06-03,0001821825,2021
OTIS,Otis,reports,Industrials,IndustrialMachinery,Farmington,Connecticut,2020-04-03,0001781335,2020(1853)
PCAR,Paccar,reports,Industrials,ConstructionMachinery&HeavyTrucks,Bellevue,Washington,1980-12-31,0000075362,1905
PKG,PackagingCorporationofAmerica,reports,Materials,PaperPackaging,LakeForest,Illinois,2017-07-26,0000075677,1959
PARA,Paramount,reports,CommunicationServices,Movies&Entertainment,NewYorkCity,NewYork,,0000813828,2019(1952)
PH,Parker,reports,Industrials,IndustrialMachinery,Cleveland,Ohio,1985-11-30,0000076334,1917
PAYX,Paychex,reports,InformationTechnology,DataProcessing&OutsourcedServices,Penfield,NewYork,,0000723531,1971
PAYC,Paycom,reports,InformationTechnology,ApplicationSoftware,OklahomaCity,Oklahoma,2020-01-28,0001590955,1998
PYPL,PayPal,reports,InformationTechnology,DataProcessing&OutsourcedServices,SanJose,California,2015-07-20,0001633917,1998
PENN,PennNationalGaming,reports,ConsumerDiscretionary,Casinos&Gaming,Wyomissing,Pennsylvania,2021-03-22,0000921738,1972
PNR,Pentair,reports,Industrials,IndustrialMachinery,Worsley,UnitedKingdom,2012-10-01,0000077360,1966
PEP,PepsiCo,reports,ConsumerStaples,SoftDrinks,Purchase,NewYork,1957-03-04,0000077476,1898
PKI,PerkinElmer,reports,HealthCare,HealthCareEquipment,Waltham,Massachusetts,1985-05-31,0000031791,1937
PFE,Pfizer,reports,HealthCare,Pharmaceuticals,NewYorkCity,NewYork,1957-03-04,0000078003,1849
PM,PhilipMorrisInternational,reports,ConsumerStaples,Tobacco,NewYorkCity,NewYork,2008-03-31,0001413329,2008(1847)
PSX,Phillips66,reports,Energy,Oil&GasRefining&Marketing,Houston,Texas,2012-05-01,0001534701,2012(1917)
PNW,PinnacleWest,reports,Utilities,Multi-Utilities,Phoenix,Arizona,,0000764622,1985
PXD,PioneerNaturalResources,reports,Energy,Oil&GasExploration&Production,Irving,Texas,2008-09-24,0001038357,1997
PNC,PNCFinancialServices,reports,Financials,RegionalBanks,Pittsburgh,Pennsylvania,1988-04-30,0000713676,1845
POOL,PoolCorporation,reports,ConsumerDiscretionary,Distributors,Covington,Louisiana,2020-10-07,0000945841,1993
PPG,PPGIndustries,reports,Materials,SpecialtyChemicals,Pittsburgh,Pennsylvania,1957-03-04,0000079879,1883
PPL,PPL,reports,Utilities,ElectricUtilities,Allentown,Pennsylvania,,0000922224,1920
PFG,Principal,reports,Financials,Life&HealthInsurance,DesMoines,Iowa,2002-07-22,0001126328,1879
PG,Procter&Gamble,reports,ConsumerStaples,PersonalProducts,Cincinnati,Ohio,1957-03-04,0000080424,1837
PGR,Progressive,reports,Financials,Property&CasualtyInsurance,MayfieldVillage,Ohio,1997-08-04,0000080661,1937
PLD,Prologis,reports,RealEstate,IndustrialREITs,SanFrancisco,California,2003-07-17,0001045609,1983
PRU,Prudential,reports,Financials,Life&HealthInsurance,Newark,NewJersey,2002-07-22,0001137774,1875
PEG,PSEG,reports,Utilities,ElectricUtilities,Newark,NewJersey,1957-03-04,0000788784,1903
PTC,PTC,reports,InformationTechnology,ApplicationSoftware,Boston,Massachusetts,2021-04-20,0000857005,1985
PSA,PublicStorage,reports,RealEstate,SpecializedREITs,Glendale,California,2005-08-19,0001393311,1972
PHM,PulteGroup,reports,ConsumerDiscretionary,Homebuilding,Atlanta,Georgia,1984-04-30,0000822416,1956
PVH,PVH,reports,ConsumerDiscretionary,Apparel,Accessories&LuxuryGoods,NewYorkCity,NewYork,2013-02-15,0000078239,1881
QRVO,Qorvo,reports,InformationTechnology,Semiconductors,Greensboro,NorthCarolina,2015-06-11,0001604778,2015
PWR,Quanta,reports,Industrials,Construction&Engineering,Houston,Texas,2009-07-01,0001050915,1997
QCOM,Qualcomm,reports,InformationTechnology,Semiconductors,SanDiego,California,,0000804328,1985
DGX,QuestDiagnostics,reports,HealthCare,HealthCareServices,Secaucus,NewJersey,2002-12-12,0001022079,1967
RL,RalphLauren,reports,ConsumerDiscretionary,Apparel,Accessories&LuxuryGoods,NewYorkCity,NewYork,2007-02-02,0001037038,1967
RJF,RaymondJames,reports,Financials,InvestmentBanking&Brokerage,St.Petersburg,Florida,2017-03-20,0000720005,1962
RTX,RaytheonTechnologies,reports,Industrials,Aerospace&Defense,Waltham,Massachusetts,,0000101829,1922
O,RealtyIncome,reports,RealEstate,RetailREITs,SanDiego,California,2015-04-07,0000726728,1969
REG,RegencyCenters,reports,RealEstate,RetailREITs,Jacksonville,Florida,2017-03-02,0000910606,1963
REGN,Regeneron,reports,HealthCare,Biotechnology,Tarrytown,NewYork,2013-05-01,0000872589,1988
RF,Regions,reports,Financials,RegionalBanks,Birmingham,Alabama,1998-08-28,0001281761,1971
RSG,RepublicServices,reports,Industrials,Environmental&FacilitiesServices,Phoenix,Arizona,2008-12-05,0001060391,1998(1981)
RMD,ResMed,reports,HealthCare,HealthCareEquipment,SanDiego,California,2017-07-26,0000943819,1989
RHI,RobertHalf,reports,Industrials,HumanResource&EmploymentServices,MenloPark,California,2000-12-05,0000315213,1948
ROK,RockwellAutomation,reports,Industrials,ElectricalComponents&Equipment,Milwaukee,Wisconsin,,0001024478,1903
ROL,Rollins,reports,Industrials,Environmental&FacilitiesServices,Atlanta,Georgia,2018-10-01,0000084839,1948
ROP,Roper,reports,Industrials,IndustrialConglomerates,Sarasota,Florida,2009-12-23,0000882835,1981
ROST,Ross,reports,ConsumerDiscretionary,ApparelRetail,Dublin,California,2009-12-21,0000745732,1982
RCL,RoyalCaribbeanGroup,reports,ConsumerDiscretionary,Hotels,Resorts&CruiseLines,Miami,Florida,2014-12-05,0000884887,1997
SPGI,S&PGlobal,reports,Financials,FinancialExchanges&Data,NewYorkCity,NewYork,,0000064040,1917
CRM,Salesforce,reports,InformationTechnology,ApplicationSoftware,SanFrancisco,California,2008-09-15,0001108524,1999
SBAC,SBACommunications,reports,RealEstate,SpecializedREITs,BocaRaton,Florida,2017-09-01,0001034054,1989
SLB,Schlumberger,reports,Energy,Oil&GasEquipment&Services,Curaçao,KingdomoftheNetherlands,1965-03-31,0000087347,1926
STX,Seagate,reports,InformationTechnology,TechnologyHardware,Storage&Peripherals,Dublin,Ireland,2012-07-02,0001137789,1979
SEE,SealedAir,reports,Materials,PaperPackaging,Charlotte,NorthCarolina,1957-03-04,0001012100,1960
SRE,SempraEnergy,reports,Utilities,Multi-Utilities,SanDiego,California,,0001032208,1998
NOW,ServiceNow,reports,InformationTechnology,SystemsSoftware,SantaClara,California,2019-11-21,0001373715,2003
SHW,Sherwin-Williams,reports,Materials,SpecialtyChemicals,Cleveland,Ohio,1964-06-30,0000089800,1866
SBNY,SignatureBank,reports,Financials,RegionalBanks,NewYorkCity,NewYork,2021-12-20,0001288784,2001
SPG,Simon,reports,RealEstate,RetailREITs,Indianapolis,Indiana,2002-06-26,0001063761,2003
SWKS,Skyworks,reports,InformationTechnology,Semiconductors,Woburn,Massachusetts,2015-03-12,0000004127,2002
SJM,Smucker,reports,ConsumerStaples,PackagedFoods&Meats,Orrville,Ohio,2008-11-06,0000091419,1897
SNA,Snap-on,reports,Industrials,IndustrialMachinery,Kenosha,Wisconsin,1982-09-30,0000091440,1920
SEDG,SolarEdge,reports,InformationTechnology,SemiconductorEquipment,Herzliya,Israel,2021-12-20,0001419612,2006
SO,SouthernCompany,reports,Utilities,ElectricUtilities,Atlanta,Georgia,1957-03-04,0000092122,1945
LUV,SouthwestAirlines,reports,Industrials,Airlines,Dallas,Texas,1994-07-01,0000092380,1967
SWK,StanleyBlack&Decker,reports,Industrials,IndustrialMachinery,NewBritain,Connecticut,1982-09-30,0000093556,1843
SBUX,Starbucks,reports,ConsumerDiscretionary,Restaurants,Seattle,Washington,2000-06-07,0000829224,1971
STT,StateStreet,reports,Financials,AssetManagement&CustodyBanks,Boston,Massachusetts,,0000093751,1792
STE,Steris,reports,HealthCare,HealthCareEquipment,Dublin,Ireland,2019-12-23,0001757898,1985
SYK,Stryker,reports,HealthCare,HealthCareEquipment,Kalamazoo,Michigan,2000-12-12,0000310764,1941
SIVB,SVBFinancial,reports,Financials,RegionalBanks,SantaClara,California,2018-03-19,0000719739,1983
SYF,Synchrony,reports,Financials,ConsumerFinance,Stamford,Connecticut,2015-11-18,0001601712,2003
SNPS,Synopsys,reports,InformationTechnology,ApplicationSoftware,MountainView,California,2017-03-16,0000883241,1986
SYY,Sysco,reports,ConsumerStaples,FoodDistributors,Houston,Texas,1986-12-31,0000096021,1969
TMUS,T-Mobile,reports,CommunicationServices,WirelessTelecommunicationServices,Bellevue,Washington,2019-07-15,0001283699,1994
TROW,T.RowePrice,reports,Financials,AssetManagement&CustodyBanks,Baltimore,Maryland,,0001113169,1937
TTWO,Take-TwoInteractive,reports,CommunicationServices,InteractiveHomeEntertainment,NewYorkCity,NewYork,2018-03-19,0000946581,1993
TPR,Tapestry,reports,ConsumerDiscretionary,Apparel,Accessories&LuxuryGoods,NewYorkCity,NewYork,,0001116132,2017
TGT,Target,reports,ConsumerDiscretionary,GeneralMerchandiseStores,Minneapolis,Minnesota,1976-12-31,0000027419,1902
TEL,TEConnectivity,reports,InformationTechnology,ElectronicManufacturingServices,Schaffhausen,Switzerland,2011-10-17,0001385157,2007
TDY,Teledyne,reports,Industrials,Aerospace&Defense,ThousandOaks,California,2020-06-22,0001094285,1960
TFX,Teleflex,reports,HealthCare,HealthCareEquipment,Wayne,Pennsylvania,2019-01-18,0000096943,1943
TER,Teradyne,reports,InformationTechnology,SemiconductorEquipment,NorthReading,Massachusetts,2020-09-21,0000097210,1960
TSLA,Tesla,reports,ConsumerDiscretionary,AutomobileManufacturers,PaloAlto,California,2020-12-21,0001318605,2003
TXN,TexasInstruments,reports,InformationTechnology,Semiconductors,Dallas,Texas,,0000097476,1930
TXT,Textron,reports,Industrials,Aerospace&Defense,Providence,RhodeIsland,1978-12-31,0000217346,1923
TMO,ThermoFisherScientific,reports,HealthCare,LifeSciencesTools&Services,Waltham,Massachusetts,2004-08-03,0000097745,2006(1902)
TJX,TJXCompanies,reports,ConsumerDiscretionary,ApparelRetail,Framingham,Massachusetts,1985-09-30,0000109198,1987
TSCO,TractorSupply,reports,ConsumerDiscretionary,SpecialtyStores,Brentwood,Tennessee,2014-01-24,0000916365,1938
TT,TraneTechnologies,reports,Industrials,BuildingProducts,Dublin,Ireland,2010-11-17,0001466258,1871
TDG,TransDigm,reports,Industrials,Aerospace&Defense,Cleveland,Ohio,2016-06-03,0001260221,1993
TRV,Travelers,reports,Financials,Property&CasualtyInsurance,NewYorkCity,NewYork,2002-08-21,0000086312,1853
TRMB,Trimble,reports,InformationTechnology,ElectronicEquipment&Instruments,Sunnyvale,California,2021-01-21,0000864749,1978
TFC,Truist,reports,Financials,RegionalBanks,Charlotte,NorthCarolina,1997-12-04,0000092230,1872
TWTR,Twitter,reports,CommunicationServices,InteractiveMedia&Services,SanFrancisco,California,2018-06-07,0001418091,2006
TYL,TylerTechnologies,reports,InformationTechnology,ApplicationSoftware,Plano,Texas,2020-06-22,0000860731,1966
TSN,Tyson,reports,ConsumerStaples,PackagedFoods&Meats,Springdale,Arkansas,2005-08-10,0000100493,1935
USB,U.S.Bank,reports,Financials,DiversifiedBanks,Minneapolis,Minnesota,,0000036104,1968
UDR,UDR,reports,RealEstate,ResidentialREITs,HighlandsRanch,Colorado,2016-03-07,0000074208,1972
ULTA,UltaBeauty,reports,ConsumerDiscretionary,SpecialtyStores,Bolingbrook,Illinois,2016-04-18,0001403568,1990
UAA,UnderArmour(ClassA),reports,ConsumerDiscretionary,Apparel,Accessories&LuxuryGoods,Baltimore,Maryland,2014-05-01,0001336917,1996
UA,UnderArmour(ClassC),reports,ConsumerDiscretionary,Apparel,Accessories&LuxuryGoods,Baltimore,Maryland,2016-04-08,0001336917,1996
UNP,UnionPacific,reports,Industrials,Railroads,Omaha,Nebraska,1957-03-04,0000100885,1862
UAL,UnitedAirlines,reports,Industrials,Airlines,Chicago,Illinois,2015-09-03,0000100517,1967
UNH,UnitedHealthGroup,reports,HealthCare,ManagedHealthCare,Minnetonka,Minnesota,1994-07-01,0000731766,1977
UPS,UnitedParcelService,reports,Industrials,AirFreight&Logistics,SandySprings,Georgia,2002-07-22,0001090727,1907
URI,UnitedRentals,reports,Industrials,TradingCompanies&Distributors,Stamford,Connecticut,2014-09-20,0001067701,1997
UHS,UniversalHealthServices,reports,HealthCare,HealthCareFacilities,KingofPrussia,Pennsylvania,2014-09-20,0000352915,1979
VLO,Valero,reports,Energy,Oil&GasRefining&Marketing,SanAntonio,Texas,,0001035002,1980
VTR,Ventas,reports,RealEstate,HealthCareREITs,Chicago,Illinois,2009-03-04,0000740260,1998
VRSN,Verisign,reports,InformationTechnology,InternetServices&Infrastructure,Dulles,Virginia,2006-02-01,0001014473,1995
VRSK,Verisk,reports,Industrials,Research&ConsultingServices,JerseyCity,NewJersey,2015-10-08,0001442145,1971
VZ,Verizon,reports,CommunicationServices,IntegratedTelecommunicationServices,NewYorkCity,NewYork,1983-11-30,0000732712,1983(1877)
VRTX,Vertex,reports,HealthCare,Biotechnology,Cambridge,Massachusetts,2013-09-23,0000875320,1989
VFC,VFCorporation,reports,ConsumerDiscretionary,Apparel,Accessories&LuxuryGoods,Denver,Colorado,1979-06-30,0000103379,1899
VTRS,Viatris,reports,HealthCare,Pharmaceuticals,Pittsburgh,Pennsylvania,2004-04-23,0001792044,1961
V,Visa,reports,InformationTechnology,DataProcessing&OutsourcedServices,SanFrancisco,California,2009-12-21,0001403161,1958
VNO,VornadoRealtyTrust,reports,RealEstate,OfficeREITs,NewYorkCity,NewYork,2005,0000899689,1982
VMC,VulcanMaterials,reports,Materials,ConstructionMaterials,Birmingham,Alabama,1999-06-30,0001396009,1909
WAB,Wabtec,reports,Industrials,ConstructionMachinery&HeavyTrucks,Pittsburgh,Pennsylvania,2019-02-27,0000943452,1999(1869)
WMT,Walmart,reports,ConsumerStaples,Hypermarkets&SuperCenters,Bentonville,Arkansas,1982-08-31,0000104169,1962
WBA,WalgreensBootsAlliance,reports,ConsumerStaples,DrugRetail,Deerfield,Illinois,1979-12-31,0001618921,2014
WBD,WarnerBros.Discovery,reports,CommunicationServices,Broadcasting,NewYorkCity,NewYork,2022-04-11,0001437107,2022
WM,WasteManagement,reports,Industrials,Environmental&FacilitiesServices,Houston,Texas,,0000823768,1968
WAT,Waters,reports,HealthCare,HealthCareDistributors,Milford,Massachusetts,,0001000697,1958
WEC,WECEnergyGroup,reports,Utilities,ElectricUtilities,Milwaukee,Wisconsin,2008-10-31,0000783325,1896
WFC,WellsFargo,reports,Financials,DiversifiedBanks,SanFrancisco,California,1976-06-30,0000072971,1852
WELL,Welltower,reports,RealEstate,HealthCareREITs,Toledo,Ohio,2009-01-30,0000766704,1970
WST,WestPharmaceuticalServices,reports,HealthCare,HealthCareSupplies,Exton,Pennsylvania,2020-05-22,0000105770,1923
WDC,WesternDigital,reports,InformationTechnology,TechnologyHardware,Storage&Peripherals,SanJose,California,2009-07-01,0000106040,1970
WRK,WestRock,reports,Materials,PaperPackaging,Atlanta,Georgia,,0001732845,2015
WY,Weyerhaeuser,reports,RealEstate,SpecializedREITs,Seattle,Washington,,0000106535,1900
WHR,Whirlpool,reports,ConsumerDiscretionary,HouseholdAppliances,BentonHarbor,Michigan,,0000106640,1911
WMB,Williams,reports,Energy,Oil&GasStorage&Transportation,Tulsa,Oklahoma,1975-03-31,0000107263,1908
WTW,WillisTowersWatson,reports,Financials,InsuranceBrokers,London,UnitedKingdom,2016-01-05,0001140536,2016
WYNN,WynnResorts,reports,ConsumerDiscretionary,Casinos&Gaming,Paradise,Nevada,2008-11-14,0001174922,2002
XEL,XcelEnergy,reports,Utilities,Multi-Utilities,Minneapolis,Minnesota,1957-03-04,0000072903,1909
XYL,Xylem,reports,Industrials,IndustrialMachinery,WhitePlains,NewYork,2011-11-01,0001524472,2011
YUM,Yum!Brands,reports,ConsumerDiscretionary,Restaurants,Louisville,Kentucky,1997-10-06,0001041061,1997
ZBRA,Zebra,reports,InformationTechnology,ElectronicEquipment&Instruments,Lincolnshire,Illinois,2019-12-23,0000877212,1969
ZBH,ZimmerBiomet,reports,HealthCare,HealthCareEquipment,Warsaw,Indiana,2001-08-07,0001136869,1927
ZION,ZionsBancorp,reports,Financials,RegionalBanks,SaltLakeCity,Utah,2001-06-22,0000109380,1873
ZTS
